document,first_name,last_name,email
846682251,Esther,Warfield,xrovucejvc@gmail.com
83264221,Edward,Gerstner,bmtsjxwyyd@gmail.com
9742963581,Tony,Wardlow,jamuhsyaui@gmail.com
8414451771,Marcus,Jenkins,qfnkgjdmll@gmail.com
1856429901,Robert,Clark,qhjqczdyaa@gmail.com
4907936641,Michael,Ferrell,edxcvghwyw@gmail.com
6335440161,Ethan,Reeks,qhluovunyv@gmail.com
5168607601,Rebecca,Morton,pryntduuip@gmail.com
8424999051,Kevin,Claar,nodsgughfy@gmail.com
9618519251,Gregory,Givens,raojqwcdhy@gmail.com
6059670181,Gayle,Stjohn,ogknexvzfo@gmail.com
9760921971,Mary,Nolton,glmzxrmpmg@gmail.com
4351500601,Mamie,Loo,ngnhzpsdwn@gmail.com
6777743911,Gregory,Salyer,zmlqfduoqk@gmail.com
5652576331,Denice,Dowker,jmqbqrdczb@gmail.com
4365619691,Stephan,Mclarney,epfdnlryko@gmail.com
7769712851,Mayme,Padilla,cucfrytixi@gmail.com
3810155551,Robert,Griffin,mymzwyfwwy@gmail.com
7271452941,Ronald,Salvage,hackdnyxru@gmail.com
8235095441,Don,Whitsitt,kbudozjnrf@gmail.com
7600669581,Evelyn,Bedwell,ubkgwxehnz@gmail.com
5510413211,Richard,Blakemore,ffsyrjezbi@gmail.com
121889811,Amanda,Matthews,jpojjoxdyl@gmail.com
6748293881,Victoria,Gibson,pptmswoybf@gmail.com
8805582881,Claude,Steele,pdzarcwtyi@gmail.com
5598566411,Roberta,Black,wdeswqqxch@gmail.com
1064943931,Frank,Kelly,hujvcrzaok@gmail.com
9305576121,Adolfo,Alston,ttnkmhnoaq@gmail.com
9046520731,Beatris,Young,tshfihcjiy@gmail.com
7425856831,Jennifer,Marshall,wmtnuyeybo@gmail.com
9755055221,Michael,Crabtree,rexlnlawno@gmail.com
8720789961,Bonnie,Guthrie,khfrgitndq@gmail.com
8921271681,Charles,Durkee,erifceupxc@gmail.com
4576139291,Erica,Cunningham,siduzwhskd@gmail.com
5983052611,Wanda,Abramson,zqtjmsugwr@gmail.com
3492891491,Rachel,Perez,wufrrzyksw@gmail.com
8561005871,David,Blakeley,ceetdntmjj@gmail.com
5358842441,Jessie,Blain,mubvqmiimw@gmail.com
4388281061,Linda,Harvey,qeumittkao@gmail.com
747524931,Nicholas,Misnick,ypjcsybqfk@gmail.com
3831122951,Justin,Veer,jpltzokrrk@gmail.com
7210312591,Troy,Edelstein,ewhaobdxml@gmail.com
5090287201,Cora,Williams,ewvbsncuct@gmail.com
7125510231,Shane,Perez,dzpwbtvcbc@gmail.com
1351730341,Ronald,Franck,nzlltrmasw@gmail.com
6440394481,Larry,Gale,gzejrzjkiw@gmail.com
2204832481,Jeffrey,Young,uabrtihxxm@gmail.com
7444383361,Damian,Forrester,jwgefuygtv@gmail.com
4042164181,Cherri,Dunn,myefbhbcxr@gmail.com
9302542581,Bobby,Osegueda,szhenvqnqs@gmail.com
8599321651,Eartha,Nelson,pqcxsymkku@gmail.com
6679151961,Jennifer,Howard,iszpovtyml@gmail.com
6445743031,Linda,Larson,apcnilhftz@gmail.com
7177520451,Ruth,Sainz,wimoljwtsx@gmail.com
1706546201,Sharron,Wheeler,xtqszuacbl@gmail.com
248525011,John,Guthrie,djgvvimznh@gmail.com
9540778611,Jack,Chancellor,nrvrqbqeev@gmail.com
5008429351,Donna,Orozco,cbaqxcazfc@gmail.com
593574991,Jamie,Stollings,vapqzglxkj@gmail.com
2636699781,Laura,Dudley,yoxtnozhul@gmail.com
4387212451,Shannon,Collins,ocsqxynfol@gmail.com
5838101371,Lorna,Galuska,jnkciumsjr@gmail.com
8437516911,Julia,Otwell,lsahcuxjvp@gmail.com
7358849381,Laura,Woodward,jhwhgatrhm@gmail.com
996180741,Aida,Bristle,imsaxcnwgl@gmail.com
4703761081,Rhonda,Gebauer,dxvddghdor@gmail.com
7422604211,Jordan,Allen,bxcnzvmvsa@gmail.com
285287451,Jesus,Sterback,omudyeggje@gmail.com
9073129361,John,Mcdonald,waeiapealu@gmail.com
9710254291,Humberto,Morales,cwdbaasoyy@gmail.com
9470368471,Dixie,Burgess,ewmzrwouxh@gmail.com
9261619761,Sherry,Mclaughlin,bkyfxsvobv@gmail.com
1048449401,Jim,Johnson,ybyvtksqrr@gmail.com
3761370251,Rosita,Delarosa,eclcyprnyx@gmail.com
289814931,Dan,Surber,dttaikgqrg@gmail.com
8794274581,Michelle,Hogan,dovbqopfqt@gmail.com
5274526891,Timothy,Brown,lrzwvxijem@gmail.com
8088790591,Mildred,Fredericks,dtqhrpwmse@gmail.com
3934854101,Edward,Gregory,eujdhslgir@gmail.com
2099611721,Pamela,Kramp,zmfhmxgiew@gmail.com
7164314041,Regina,Guarini,wesbmkknkp@gmail.com
3905970821,Kenneth,Thompson,zcvkyxjwra@gmail.com
9880187941,Glenn,Hagge,cmccgouwej@gmail.com
235187421,Annetta,Martinez,odtccyvvmw@gmail.com
1200731161,John,Garza,jgjwcoyiwa@gmail.com
8824837441,Sandra,Cunningham,tmkyljnmul@gmail.com
5705063531,Cynthia,Mcguire,qzrtootbpe@gmail.com
46799521,Scott,Vazquez,mexirwvagj@gmail.com
4816782141,Herma,Oconnor,yynhhatsbw@gmail.com
1286999951,Paul,Raymond,jiytrezdpm@gmail.com
5565895891,Carrie,Keane,nrghnvulxm@gmail.com
3321797931,Linda,Crowell,xbkhygnepq@gmail.com
1887459531,Mark,Waldrip,armmxtfjwu@gmail.com
7039588561,Johnnie,Larrabee,kggdekjist@gmail.com
6935038781,Christine,Streit,ynyorscdys@gmail.com
2187914951,Cecily,Sisneros,wbfwgymgrl@gmail.com
1007241871,Sheila,Vallejo,veijyjijcq@gmail.com
9735620691,Linda,Lundin,fxuajigjtn@gmail.com
7910197871,Vivian,Hart,zjjsqgktch@gmail.com
